order_id,order_number,customer_id,order_date,status,subtotal,discount_percent,shipping_cost,tax_amount,total_amount,payment_method,shipping_method,promotion_id,notes
1,ORD-20250507-00001,105,2025-05-07,pendiente,2952.55,9,200,620.04,3506.86,debit_card,express,Sin codigo,Sin notas
2,ORD-20230529-00002,13,2023-05-29,procesando,3462.82,15,310,727.19,3980.59,paypal,standard,Sin codigo,Sin notas
3,ORD-20230405-00003,152,2023-04-05,pendiente,4034.02,14,370,847.14,4686.4,cash_on_delivery,standard,Sin codigo,Sin notas
4,ORD-20230520-00004,123,2023-05-20,pendiente,1199.79,20,20,251.96,1231.79,bank_transfer,express,Sin codigo,Nota del cliente: Llamar antes
5,ORD-20250725-00005,132,2025-07-25,enviado,2402.72,16,460,504.57,2982.85,cash_on_delivery,standard,Sin codigo,Sin notas
6,ORD-20230211-00006,74,2023-02-11,cancelado,5198.26,7,390,1091.63,6316.01,cash_on_delivery,express,2.0,Sin notas
7,ORD-20230421-00007,53,2023-04-21,enviado,2424.78,15,160,509.2,2730.26,debit_card,express,Sin codigo,Nota del cliente: Entregar por la tarde
8,ORD-20250807-00008,86,2025-08-07,pendiente,421.8,11,490,88.58,953.98,credit_card,pickup,Sin codigo,Sin notas
9,ORD-20230809-00009,110,2023-08-09,entregado,301.41,12,170,63.3,498.54,bank_transfer,same_day,Sin codigo,Sin notas
10,ORD-20231008-00010,36,2023-10-08,entregado,2253.07,17,170,473.14,2513.19,cash_on_delivery,standard,Sin codigo,Nota del cliente: Llamar antes
11,ORD-20230130-00011,21,2023-01-30,procesando,1400.47,4,370,294.1,2008.55,bank_transfer,pickup,Sin codigo,Sin notas
12,ORD-20230217-00012,7,2023-02-17,procesando,633.06,18,400,132.94,1052.05,debit_card,pickup,Sin codigo,Nota del cliente: Dejar en portería
13,ORD-20230803-00013,25,2023-08-03,procesando,276.26,12,30,58.01,331.12,cash_on_delivery,same_day,Sin codigo,Nota del cliente: Dejar en portería
14,ORD-20230519-00014,68,2023-05-19,cancelado,2698.54,20,300,566.69,3025.52,credit_card,standard,Sin codigo,Sin notas
15,ORD-20230214-00015,139,2023-02-14,cancelado,683.55,14,450,143.55,1181.4,paypal,standard,3.0,Sin notas
16,ORD-20230709-00016,143,2023-07-09,procesando,1497.74,16,480,314.53,2052.63,debit_card,express,6.0,Sin notas
17,ORD-20251109-00017,54,2025-11-09,entregado,4607.26,5,20,967.52,5364.42,cash_on_delivery,express,10.0,Sin notas
18,ORD-20241005-00018,42,2024-10-05,cancelado,574.02,7,320,120.54,974.38,debit_card,same_day,Sin codigo,Sin notas
19,ORD-20250215-00019,167,2025-02-15,procesando,5171.88,15,130,1086.09,5612.19,credit_card,standard,Sin codigo,Nota del cliente: Dejar en portería
20,ORD-20230429-00020,83,2023-04-29,pendiente,2952.76,6,390,620.08,3785.67,bank_transfer,standard,Sin codigo,Nota del cliente: Entregar por la tarde
21,ORD-20241002-00021,84,2024-10-02,cancelado,2030.6,7,130,426.43,2444.89,paypal,express,Sin codigo,Nota del cliente: Entregar por la tarde
22,ORD-20230909-00022,95,2023-09-09,procesando,1004.7,16,170,210.99,1224.94,paypal,express,6.0,Sin notas
23,ORD-20240518-00023,77,2024-05-18,entregado,1265.1,16,280,265.67,1608.35,cash_on_delivery,standard,6.0,Sin notas
24,ORD-20241203-00024,39,2024-12-03,enviado,3668.79,17,190,770.45,4005.55,bank_transfer,pickup,4.0,Sin notas
25,ORD-20241114-00025,156,2024-11-14,procesando,3937.97,6,130,826.97,4658.66,bank_transfer,standard,Sin codigo,Sin notas
26,ORD-20250509-00026,131,2025-05-09,enviado,1396.83,4,20,293.33,1654.29,cash_on_delivery,standard,Sin codigo,Sin notas
27,ORD-20250502-00027,39,2025-05-02,procesando,3618.86,9,50,759.96,4103.12,paypal,standard,Sin codigo,Sin notas
28,ORD-20250814-00028,50,2025-08-14,entregado,3262.98,7,270,685.23,3989.8,paypal,express,Sin codigo,Sin notas
29,ORD-20250612-00029,165,2025-06-12,entregado,1199.93,14,430,251.99,1713.93,bank_transfer,same_day,Sin codigo,Sin notas
30,ORD-20241026-00030,160,2024-10-26,cancelado,2368.06,19,440,497.29,2855.42,debit_card,same_day,Sin codigo,Sin notas
31,ORD-20231012-00031,34,2023-10-12,pendiente,2573.24,3,270,540.38,3306.42,bank_transfer,standard,7.0,Sin notas
32,ORD-20230723-00032,111,2023-07-23,entregado,2001.92,8,290,420.4,2552.17,debit_card,standard,Sin codigo,Sin notas
33,ORD-20250906-00033,150,2025-09-06,cancelado,3099.94,4,380,650.99,4006.93,credit_card,express,1.0,Sin notas
34,ORD-20230722-00034,131,2023-07-22,procesando,1913.86,16,230,401.91,2239.55,debit_card,pickup,Sin codigo,Nota del cliente: Llamar antes
35,ORD-20251026-00035,52,2025-10-26,procesando,522.04,16,200,109.63,748.14,credit_card,standard,Sin codigo,Nota del cliente: Envolver para regalo
36,ORD-20230407-00036,4,2023-04-07,entregado,580.28,4,320,121.86,998.93,cash_on_delivery,standard,Sin codigo,Sin notas
37,ORD-20250706-00037,28,2025-07-06,procesando,1218.27,12,380,255.84,1707.92,debit_card,express,Sin codigo,Nota del cliente: Envolver para regalo
38,ORD-20250719-00038,165,2025-07-19,procesando,4427.2,12,330,929.71,5155.65,credit_card,same_day,7.0,Sin notas
39,ORD-20250224-00039,54,2025-02-24,procesando,1728.65,12,40,363.02,1924.23,paypal,express,Sin codigo,Sin notas
40,ORD-20240511-00040,38,2024-05-11,pendiente,3221.17,1,170,676.45,4035.41,cash_on_delivery,standard,Sin codigo,Nota del cliente: Entregar por la tarde
41,ORD-20250505-00041,111,2025-05-05,enviado,1099.04,18,130,230.8,1262.01,debit_card,express,Sin codigo,Sin notas
42,ORD-20230630-00042,72,2023-06-30,cancelado,4157.68,9,120,873.11,4776.6,cash_on_delivery,same_day,1.0,Sin notas
43,ORD-20251005-00043,72,2025-10-05,cancelado,1451.8,15,320,304.88,1858.91,credit_card,same_day,Sin codigo,Sin notas
44,ORD-20250207-00044,12,2025-02-07,entregado,2646.57,17,400,555.78,3152.43,credit_card,pickup,Sin codigo,Sin notas
45,ORD-20250317-00045,7,2025-03-17,pendiente,1129.32,1,20,237.16,1375.19,bank_transfer,same_day,Sin codigo,Sin notas
46,ORD-20250413-00046,16,2025-04-13,entregado,554.47,3,330,116.44,984.28,credit_card,pickup,6.0,Sin notas
47,ORD-20240913-00047,5,2024-09-13,entregado,945.01,7,170,198.45,1247.31,cash_on_delivery,standard,1.0,Sin notas
48,ORD-20240826-00048,113,2024-08-26,pendiente,936.2,6,360,196.6,1436.63,bank_transfer,standard,Sin codigo,Nota del cliente: Envolver para regalo
49,ORD-20241115-00049,124,2024-11-15,cancelado,4008.64,17,10,841.81,4178.98,debit_card,pickup,Sin codigo,Sin notas
50,ORD-20231004-00050,62,2023-10-04,entregado,1735.38,8,10,364.43,1970.98,cash_on_delivery,same_day,Sin codigo,Nota del cliente: Dejar en portería
51,ORD-20231026-00051,160,2023-10-26,procesando,3159.23,19,470,663.44,3692.42,credit_card,standard,Sin codigo,Sin notas
52,ORD-20240403-00052,76,2024-04-03,entregado,2920.61,4,380,613.33,3797.12,bank_transfer,standard,Sin codigo,Nota del cliente: Entregar por la tarde
53,ORD-20230124-00053,115,2023-01-24,pendiente,1957.4,10,370,411.05,2542.71,debit_card,express,3.0,Sin notas
54,ORD-20230602-00054,117,2023-06-02,entregado,1945.6,1,340,408.58,2674.72,paypal,express,7.0,Sin notas
55,ORD-20230706-00055,120,2023-07-06,pendiente,2639.34,17,300,554.26,3044.91,debit_card,express,Sin codigo,Sin notas
56,ORD-20230212-00056,154,2023-02-12,pendiente,2261.45,16,240,474.9,2614.52,cash_on_delivery,standard,Sin codigo,Sin notas
57,ORD-20250125-00057,153,2025-01-25,enviado,1009.09,2,100,211.91,1300.82,debit_card,express,4.0,Nota del cliente: Envolver para regalo
58,ORD-20230101-00058,36,2023-01-01,entregado,3158.93,7,290,663.38,3891.18,credit_card,standard,2.0,Sin notas
59,ORD-20250918-00059,116,2025-09-18,entregado,1784.0,7,430,374.64,2463.76,credit_card,standard,3.0,Sin notas
60,ORD-20230604-00060,124,2023-06-04,pendiente,1665.16,4,20,349.68,1968.23,credit_card,standard,10.0,Sin notas
61,ORD-20231001-00061,114,2023-10-01,pendiente,782.72,5,50,164.37,957.95,credit_card,standard,Sin codigo,Sin notas
62,ORD-20250715-00062,121,2025-07-15,procesando,110.82,1,300,23.27,432.98,bank_transfer,pickup,Sin codigo,Sin notas
63,ORD-20230310-00063,25,2023-03-10,pendiente,1877.59,11,90,394.29,2155.35,paypal,express,8.0,Sin notas
64,ORD-20241212-00064,82,2024-12-12,pendiente,2964.81,5,70,622.61,3509.18,credit_card,same_day,7.0,Sin notas
65,ORD-20240918-00065,16,2024-09-18,pendiente,2403.74,10,230,504.79,2898.16,cash_on_delivery,same_day,Sin codigo,Nota del cliente: Envolver para regalo
66,ORD-20230430-00066,26,2023-04-30,entregado,4488.57,20,220,942.6,4753.46,paypal,express,Sin codigo,Sin notas
67,ORD-20240504-00067,138,2024-05-04,enviado,507.64,1,320,106.6,929.16,paypal,same_day,Sin codigo,Sin notas
68,ORD-20250528-00068,120,2025-05-28,entregado,1283.72,9,20,269.58,1457.77,cash_on_delivery,standard,5.0,Sin notas
69,ORD-20240807-00069,31,2024-08-07,entregado,2707.38,18,210,568.55,2998.6,credit_card,pickup,Sin codigo,Nota del cliente: Llamar antes
70,ORD-20241021-00070,3,2024-10-21,cancelado,2103.65,15,310,441.77,2539.87,bank_transfer,express,Sin codigo,Sin notas
71,ORD-20250328-00071,98,2025-03-28,pendiente,2774.84,2,460,582.72,3762.06,cash_on_delivery,express,Sin codigo,Sin notas
72,ORD-20250917-00072,111,2025-09-17,pendiente,96.32,20,200,20.23,297.29,credit_card,pickup,6.0,Sin notas
73,ORD-20240325-00073,53,2024-03-25,entregado,613.31,0,490,128.8,1232.11,debit_card,same_day,Sin codigo,Sin notas
74,ORD-20240409-00074,128,2024-04-09,entregado,1757.33,13,10,369.04,1907.92,bank_transfer,standard,Sin codigo,Sin notas
75,ORD-20240130-00075,41,2024-01-30,procesando,523.17,19,500,109.87,1033.64,bank_transfer,express,Sin codigo,Sin notas
76,ORD-20230810-00076,97,2023-08-10,cancelado,2016.53,2,290,423.47,2689.67,paypal,same_day,Sin codigo,Sin notas
77,ORD-20230318-00077,50,2023-03-18,procesando,1303.51,13,0,273.74,1407.79,credit_card,express,1.0,Nota del cliente: Dejar en portería
78,ORD-20230309-00078,96,2023-03-09,entregado,3799.09,2,500,797.81,5020.92,paypal,express,Sin codigo,Sin notas
79,ORD-20230921-00079,139,2023-09-21,entregado,4424.36,20,30,929.12,4498.61,cash_on_delivery,pickup,2.0,Sin notas
80,ORD-20250303-00080,140,2025-03-03,procesando,5325.29,7,430,1118.31,6500.83,credit_card,same_day,Sin codigo,Sin notas
81,ORD-20230521-00081,121,2023-05-21,cancelado,1059.52,19,110,222.5,1190.71,debit_card,express,Sin codigo,Sin notas
82,ORD-20241016-00082,90,2024-10-16,pendiente,2099.51,4,460,440.9,2916.43,debit_card,standard,4.0,Sin notas
83,ORD-20240814-00083,29,2024-08-14,cancelado,844.4,14,0,177.32,903.5,paypal,standard,Sin codigo,Sin notas
84,ORD-20250218-00084,28,2025-02-18,procesando,4543.28,11,110,954.09,5107.61,bank_transfer,pickup,Sin codigo,Nota del cliente: Envolver para regalo
85,ORD-20240227-00085,5,2024-02-27,pendiente,2832.35,2,80,594.79,3450.49,credit_card,express,10.0,Sin notas
86,ORD-20231217-00086,3,2023-12-17,cancelado,446.24,1,250,93.71,785.49,debit_card,standard,10.0,Nota del cliente: Entregar por la tarde
87,ORD-20231007-00087,96,2023-10-07,entregado,548.45,20,80,115.17,633.93,debit_card,standard,Sin codigo,Sin notas
88,ORD-20250512-00088,109,2025-05-12,procesando,3251.32,19,280,682.78,3596.35,bank_transfer,same_day,7.0,Sin notas
89,ORD-20230807-00089,34,2023-08-07,enviado,1136.94,4,400,238.76,1730.22,paypal,standard,Sin codigo,Nota del cliente: Entregar por la tarde
90,ORD-20230509-00090,5,2023-05-09,pendiente,350.68,0,320,73.64,744.32,cash_on_delivery,standard,Sin codigo,Sin notas
91,ORD-20230829-00091,128,2023-08-29,cancelado,1965.4,3,80,412.73,2399.17,cash_on_delivery,pickup,Sin codigo,Nota del cliente: Entregar por la tarde
92,ORD-20250930-00092,103,2025-09-30,pendiente,1015.28,10,420,213.21,1546.96,cash_on_delivery,same_day,10.0,Sin notas
93,ORD-20231122-00093,2,2023-11-22,enviado,2623.16,16,480,550.86,3234.31,debit_card,standard,Sin codigo,Sin notas
94,ORD-20230922-00094,17,2023-09-22,entregado,2453.81,1,130,515.3,3074.57,cash_on_delivery,standard,Sin codigo,Sin notas
95,ORD-20230701-00095,131,2023-07-01,entregado,2824.01,0,460,593.04,3877.05,debit_card,same_day,Sin codigo,Sin notas
96,ORD-20231008-00096,90,2023-10-08,procesando,1604.52,14,310,336.95,2026.84,debit_card,express,Sin codigo,Nota del cliente: Envolver para regalo
97,ORD-20250116-00097,23,2025-01-16,pendiente,2348.85,10,380,493.26,2987.23,bank_transfer,same_day,Sin codigo,Sin notas
98,ORD-20251031-00098,53,2025-10-31,pendiente,1433.46,13,300,301.03,1848.14,cash_on_delivery,standard,Sin codigo,Sin notas
99,ORD-20250615-00099,131,2025-06-15,enviado,2388.01,12,430,501.48,3032.93,bank_transfer,same_day,Sin codigo,Sin notas
100,ORD-20240120-00100,63,2024-01-20,cancelado,4638.73,10,270,974.13,5418.99,bank_transfer,express,Sin codigo,Sin notas
101,ORD-20251019-00101,101,2025-10-19,enviado,750.7,4,330,157.65,1208.32,debit_card,standard,Sin codigo,Sin notas
102,ORD-20230424-00102,155,2023-04-24,procesando,804.36,16,460,168.92,1304.58,debit_card,pickup,Sin codigo,Sin notas
103,ORD-20230111-00103,67,2023-01-11,entregado,399.12,14,20,83.82,447.06,cash_on_delivery,standard,Sin codigo,Sin notas
104,ORD-20250609-00104,92,2025-06-09,procesando,1326.16,1,310,278.49,1901.39,cash_on_delivery,pickup,Sin codigo,Sin notas
105,ORD-20230111-00105,79,2023-01-11,entregado,844.95,0,210,177.44,1232.39,credit_card,standard,Sin codigo,Sin notas
106,ORD-20250205-00106,167,2025-02-05,cancelado,1673.79,4,120,351.5,2078.34,paypal,express,Sin codigo,Sin notas
107,ORD-20251129-00107,137,2025-11-29,pendiente,1417.41,3,110,297.66,1782.55,bank_transfer,standard,Sin codigo,Sin notas
108,ORD-20240712-00108,123,2024-07-12,cancelado,2916.97,0,140,612.56,3669.53,cash_on_delivery,express,Sin codigo,Nota del cliente: Entregar por la tarde
109,ORD-20240705-00109,5,2024-07-05,enviado,3065.07,12,170,643.66,3510.92,credit_card,express,Sin codigo,Sin notas
110,ORD-20251010-00110,105,2025-10-10,procesando,3486.33,7,250,732.13,4224.42,cash_on_delivery,same_day,8.0,Sin notas
111,ORD-20230213-00111,66,2023-02-13,procesando,607.19,4,310,127.51,1020.41,cash_on_delivery,express,Sin codigo,Sin notas
112,ORD-20250703-00112,29,2025-07-03,enviado,3623.4,1,50,760.91,4398.08,paypal,same_day,3.0,Sin notas
113,ORD-20240613-00113,94,2024-06-13,cancelado,430.92,13,470,90.49,935.39,credit_card,standard,1.0,Sin notas
114,ORD-20240127-00114,115,2024-01-27,entregado,3247.43,8,180,681.96,3849.6,bank_transfer,same_day,Sin codigo,Sin notas
115,ORD-20240911-00115,62,2024-09-11,procesando,2455.4,4,70,515.63,2942.81,paypal,pickup,Sin codigo,Sin notas
116,ORD-20231011-00116,85,2023-10-11,procesando,1324.25,19,180,278.09,1530.73,paypal,express,Sin codigo,Sin notas
117,ORD-20250627-00117,140,2025-06-27,cancelado,4034.85,11,170,847.32,4608.34,paypal,same_day,Sin codigo,Sin notas
118,ORD-20250509-00118,161,2025-05-09,procesando,946.68,3,360,198.8,1477.08,cash_on_delivery,same_day,Sin codigo,Sin notas
119,ORD-20240428-00119,60,2024-04-28,procesando,166.23,7,150,34.91,339.5,credit_card,pickup,Sin codigo,Sin notas
120,ORD-20240407-00120,52,2024-04-07,pendiente,1138.32,13,160,239.05,1389.39,paypal,pickup,Sin codigo,Sin notas
121,ORD-20230616-00121,138,2023-06-16,pendiente,2167.46,13,370,455.17,2710.86,bank_transfer,pickup,8.0,Sin notas
122,ORD-20230529-00122,88,2023-05-29,cancelado,3175.28,6,400,666.81,4051.57,credit_card,same_day,Sin codigo,Sin notas
123,ORD-20250123-00123,101,2025-01-23,procesando,1645.74,2,380,345.61,2338.44,cash_on_delivery,express,Sin codigo,Sin notas
124,ORD-20240120-00124,33,2024-01-20,procesando,2060.74,8,220,432.76,2548.64,debit_card,same_day,7.0,Sin notas
125,ORD-20231018-00125,109,2023-10-18,cancelado,4603.58,8,270,966.75,5472.04,cash_on_delivery,pickup,Sin codigo,Sin notas
126,ORD-20250112-00126,146,2025-01-12,cancelado,1813.98,14,270,380.94,2210.96,credit_card,pickup,Sin codigo,Nota del cliente: Dejar en portería
127,ORD-20230528-00127,104,2023-05-28,cancelado,108.64,9,460,22.81,581.67,debit_card,pickup,3.0,Sin notas
128,ORD-20230616-00128,20,2023-06-16,enviado,2598.06,20,60,545.59,2684.04,credit_card,express,Sin codigo,Nota del cliente: Envolver para regalo
129,ORD-20240921-00129,25,2024-09-21,enviado,2612.56,5,370,548.64,3400.57,cash_on_delivery,pickup,7.0,Sin notas
130,ORD-20240501-00130,4,2024-05-01,entregado,944.94,7,180,198.44,1257.23,credit_card,express,Sin codigo,Sin notas
131,ORD-20230720-00131,33,2023-07-20,procesando,990.24,4,240,207.95,1398.58,debit_card,standard,Sin codigo,Sin notas
132,ORD-20251113-00132,79,2025-11-13,pendiente,3805.56,7,390,799.17,4728.34,bank_transfer,same_day,Sin codigo,Sin notas
133,ORD-20230920-00133,155,2023-09-20,cancelado,2910.3,15,340,611.16,3424.92,cash_on_delivery,pickup,Sin codigo,Sin notas
134,ORD-20240619-00134,147,2024-06-19,pendiente,1790.19,16,200,375.94,2079.7,bank_transfer,standard,Sin codigo,Sin notas
135,ORD-20250726-00135,109,2025-07-26,pendiente,4104.68,10,330,861.98,4886.19,cash_on_delivery,pickup,Sin codigo,Nota del cliente: Dejar en portería
136,ORD-20241224-00136,1,2024-12-24,entregado,2777.8,13,360,583.34,3360.03,bank_transfer,same_day,Sin codigo,Nota del cliente: Envolver para regalo
137,ORD-20240929-00137,2,2024-09-29,cancelado,2758.46,11,410,579.28,3444.31,paypal,express,Sin codigo,Nota del cliente: Envolver para regalo
138,ORD-20240921-00138,56,2024-09-21,procesando,2918.7,2,200,612.93,3673.26,debit_card,standard,Sin codigo,Sin notas
139,ORD-20240202-00139,49,2024-02-02,cancelado,871.61,15,190,183.04,1113.91,debit_card,pickup,Sin codigo,Sin notas
140,ORD-20230722-00140,121,2023-07-22,cancelado,2327.7,7,30,488.82,2683.58,debit_card,same_day,Sin codigo,Nota del cliente: Envolver para regalo
141,ORD-20230803-00141,124,2023-08-03,procesando,1834.18,16,140,385.18,2065.89,debit_card,same_day,Sin codigo,Sin notas
142,ORD-20230516-00142,78,2023-05-16,procesando,1667.53,11,40,350.18,1874.28,debit_card,same_day,4.0,Sin notas
143,ORD-20240830-00143,2,2024-08-30,procesando,3734.04,16,340,784.15,4260.74,bank_transfer,express,Sin codigo,Sin notas
144,ORD-20241006-00144,138,2024-10-06,enviado,1903.33,7,240,399.7,2409.8,debit_card,standard,Sin codigo,Nota del cliente: Dejar en portería
145,ORD-20240804-00145,122,2024-08-04,cancelado,1866.38,5,200,391.94,2365.0,cash_on_delivery,express,5.0,Sin notas
146,ORD-20250720-00146,86,2025-07-20,cancelado,2470.99,17,420,518.91,2989.83,paypal,express,Sin codigo,Sin notas
147,ORD-20250526-00147,141,2025-05-26,procesando,3236.05,0,30,679.57,3945.62,debit_card,same_day,Sin codigo,Sin notas
148,ORD-20230629-00148,134,2023-06-29,entregado,1858.16,16,70,390.21,2021.06,paypal,same_day,4.0,Nota del cliente: Dejar en portería
149,ORD-20250328-00149,167,2025-03-28,procesando,4122.42,1,0,865.71,4946.91,debit_card,same_day,Sin codigo,Sin notas
150,ORD-20240714-00150,57,2024-07-14,entregado,868.4,7,500,182.36,1489.97,bank_transfer,standard,10.0,Sin notas
151,ORD-20240304-00151,107,2024-03-04,cancelado,3622.96,8,380,760.82,4473.94,cash_on_delivery,express,Sin codigo,Sin notas
152,ORD-20250605-00152,118,2025-06-05,cancelado,3070.36,15,110,644.78,3364.59,debit_card,same_day,Sin codigo,Sin notas
153,ORD-20230115-00153,40,2023-01-15,procesando,588.94,15,230,123.68,854.28,credit_card,same_day,Sin codigo,Sin notas
154,ORD-20231007-00154,40,2023-10-07,cancelado,3315.88,5,40,696.33,3886.42,bank_transfer,pickup,Sin codigo,Nota del cliente: Llamar antes
155,ORD-20241129-00155,27,2024-11-29,cancelado,5392.73,13,390,1132.47,6214.15,debit_card,same_day,Sin codigo,Sin notas
156,ORD-20240903-00156,41,2024-09-03,pendiente,2413.21,13,230,506.77,2836.26,cash_on_delivery,same_day,Sin codigo,Sin notas
157,ORD-20230902-00157,47,2023-09-02,pendiente,1222.63,2,110,256.75,1564.93,paypal,standard,Sin codigo,Nota del cliente: Dejar en portería
158,ORD-20240331-00158,35,2024-03-31,entregado,4471.07,1,490,938.92,5855.28,debit_card,standard,Sin codigo,Sin notas
159,ORD-20230423-00159,138,2023-04-23,procesando,1232.94,12,470,258.92,1813.91,paypal,standard,Sin codigo,Sin notas
160,ORD-20250403-00160,96,2025-04-03,cancelado,527.28,3,460,110.73,1082.19,bank_transfer,standard,Sin codigo,Sin notas
161,ORD-20241125-00161,67,2024-11-25,pendiente,766.19,0,230,160.9,1157.09,paypal,pickup,Sin codigo,Sin notas
162,ORD-20230820-00162,42,2023-08-20,cancelado,2023.77,12,430,424.99,2635.91,paypal,standard,3.0,Sin notas
163,ORD-20241019-00163,66,2024-10-19,enviado,713.67,16,120,149.87,869.35,cash_on_delivery,standard,Sin codigo,Sin notas
164,ORD-20230102-00164,156,2023-01-02,cancelado,2389.88,12,160,501.87,2764.96,paypal,pickup,Sin codigo,Nota del cliente: Envolver para regalo
165,ORD-20231128-00165,53,2023-11-28,entregado,1886.89,17,0,396.25,1962.37,cash_on_delivery,express,Sin codigo,Sin notas
166,ORD-20240601-00166,60,2024-06-01,enviado,544.21,4,150,114.28,786.72,paypal,same_day,Sin codigo,Sin notas
167,ORD-20230629-00167,148,2023-06-29,pendiente,431.58,12,30,90.63,500.42,credit_card,pickup,Sin codigo,Sin notas
168,ORD-20230220-00168,89,2023-02-20,procesando,289.98,2,70,60.9,415.08,debit_card,express,Sin codigo,Sin notas
169,ORD-20240401-00169,144,2024-04-01,entregado,3997.66,3,120,839.51,4837.24,paypal,pickup,Sin codigo,Sin notas
170,ORD-20250703-00170,65,2025-07-03,enviado,2493.4,5,290,523.61,3182.34,cash_on_delivery,express,Sin codigo,Nota del cliente: Entregar por la tarde
171,ORD-20231017-00171,110,2023-10-17,cancelado,174.05,13,100,36.55,287.97,paypal,same_day,Sin codigo,Sin notas
172,ORD-20240919-00172,52,2024-09-19,pendiente,2773.78,13,300,582.49,3295.68,credit_card,same_day,Sin codigo,Sin notas
173,ORD-20230314-00173,128,2023-03-14,cancelado,400.7,4,460,84.15,928.82,cash_on_delivery,pickup,Sin codigo,Nota del cliente: Dejar en portería
174,ORD-20231114-00174,77,2023-11-14,enviado,146.46,9,490,30.76,654.04,bank_transfer,same_day,Sin codigo,Sin notas
175,ORD-20240907-00175,116,2024-09-07,enviado,2310.1,4,300,485.12,3002.82,debit_card,pickup,Sin codigo,Sin notas
176,ORD-20241016-00176,122,2024-10-16,entregado,2014.73,7,250,423.09,2546.79,debit_card,pickup,Sin codigo,Sin notas
177,ORD-20230506-00177,105,2023-05-06,procesando,565.25,5,310,118.7,965.69,bank_transfer,standard,Sin codigo,Sin notas
178,ORD-20240329-00178,4,2024-03-29,pendiente,306.04,12,40,64.27,373.59,bank_transfer,same_day,Sin codigo,Nota del cliente: Dejar en portería
179,ORD-20240106-00179,155,2024-01-06,procesando,1171.41,1,240,246.0,1645.7,cash_on_delivery,standard,Sin codigo,Sin notas
180,ORD-20251102-00180,86,2025-11-02,pendiente,4443.89,19,300,933.22,4832.77,paypal,express,6.0,Sin notas
181,ORD-20231208-00181,94,2023-12-08,enviado,3012.1,16,390,632.54,3552.7,debit_card,same_day,Sin codigo,Sin notas
182,ORD-20250325-00182,37,2025-03-25,pendiente,1086.45,10,360,228.15,1565.96,credit_card,pickup,Sin codigo,Sin notas
183,ORD-20250629-00183,123,2025-06-29,cancelado,2162.58,11,320,454.14,2698.84,cash_on_delivery,pickup,Sin codigo,Sin notas
184,ORD-20250407-00184,17,2025-04-07,pendiente,3236.09,11,220,679.58,3779.7,bank_transfer,pickup,2.0,Sin notas
185,ORD-20250723-00185,22,2025-07-23,procesando,2790.33,15,220,585.97,3177.75,cash_on_delivery,same_day,Sin codigo,Sin notas
186,ORD-20251207-00186,48,2025-12-07,pendiente,4468.74,12,20,938.44,4890.93,paypal,standard,Sin codigo,Sin notas
187,ORD-20250617-00187,76,2025-06-17,procesando,1591.28,7,300,334.17,2114.06,debit_card,express,Sin codigo,Sin notas
188,ORD-20251206-00188,157,2025-12-06,pendiente,3913.47,18,90,821.83,4120.88,debit_card,same_day,1.0,Sin notas
189,ORD-20250609-00189,148,2025-06-09,entregado,4112.95,6,180,863.72,4909.89,bank_transfer,same_day,Sin codigo,Nota del cliente: Envolver para regalo
190,ORD-20240606-00190,149,2024-06-06,entregado,200.94,1,320,42.2,561.13,cash_on_delivery,standard,Sin codigo,Sin notas
191,ORD-20250820-00191,38,2025-08-20,procesando,2972.52,11,40,624.23,3309.77,bank_transfer,standard,2.0,Sin notas
192,ORD-20230206-00192,91,2023-02-06,entregado,2427.38,13,440,509.75,3061.57,credit_card,standard,Sin codigo,Sin notas
193,ORD-20240211-00193,35,2024-02-11,cancelado,6421.95,20,350,1348.61,6836.17,paypal,standard,Sin codigo,Sin notas
194,ORD-20230619-00194,13,2023-06-19,enviado,618.0,19,190,129.78,820.36,paypal,standard,1.0,Sin notas
195,ORD-20250209-00195,105,2025-02-09,cancelado,914.34,11,60,192.01,1065.77,bank_transfer,same_day,3.0,Sin notas
196,ORD-20250130-00196,121,2025-01-30,cancelado,1178.44,20,240,247.47,1430.22,paypal,same_day,6.0,Sin notas
197,ORD-20230507-00197,127,2023-05-07,entregado,3764.5,9,130,790.55,4346.25,paypal,same_day,Sin codigo,Sin notas
198,ORD-20230930-00198,113,2023-09-30,procesando,2296.65,16,180,482.3,2591.49,credit_card,same_day,Sin codigo,Sin notas
199,ORD-20230818-00199,93,2023-08-18,entregado,1721.45,14,150,361.5,1991.95,credit_card,standard,Sin codigo,Nota del cliente: Llamar antes
200,ORD-20230430-00200,164,2023-04-30,entregado,1575.5,11,200,330.86,1933.06,debit_card,pickup,Sin codigo,Sin notas
201,ORD-20230801-00201,157,2023-08-01,entregado,939.28,0,370,197.25,1506.53,bank_transfer,same_day,Sin codigo,Sin notas
202,ORD-20240215-00202,9,2024-02-15,cancelado,1022.23,18,220,214.67,1272.9,debit_card,standard,Sin codigo,Sin notas
203,ORD-20250419-00203,70,2025-04-19,pendiente,90.4,14,270,18.98,366.72,paypal,standard,Sin codigo,Nota del cliente: Dejar en portería
204,ORD-20240202-00204,117,2024-02-02,cancelado,4264.84,2,450,895.62,5525.16,debit_card,same_day,Sin codigo,Nota del cliente: Llamar antes
205,ORD-20230512-00205,144,2023-05-12,enviado,116.29,20,360,24.42,477.45,debit_card,pickup,1.0,Sin notas
206,ORD-20231018-00206,7,2023-10-18,enviado,2343.6,10,440,492.16,3041.4,credit_card,express,Sin codigo,Sin notas
207,ORD-20240713-00207,162,2024-07-13,pendiente,1938.3,14,390,407.04,2463.98,bank_transfer,standard,7.0,Sin notas
208,ORD-20231019-00208,101,2023-10-19,entregado,774.88,20,380,162.72,1162.62,debit_card,same_day,8.0,Sin notas
209,ORD-20230610-00209,9,2023-06-10,cancelado,1623.88,9,430,341.01,2248.74,paypal,standard,Sin codigo,Sin notas
210,ORD-20231018-00210,107,2023-10-18,procesando,310.28,11,410,65.16,751.31,bank_transfer,same_day,Sin codigo,Nota del cliente: Llamar antes
211,ORD-20251105-00211,17,2025-11-05,entregado,4547.32,6,10,954.94,5239.42,bank_transfer,standard,Sin codigo,Sin notas
212,ORD-20250620-00212,140,2025-06-20,cancelado,1975.48,5,30,414.85,2321.56,credit_card,same_day,Sin codigo,Sin notas
213,ORD-20240807-00213,82,2024-08-07,enviado,1072.58,7,190,225.24,1412.74,debit_card,same_day,Sin codigo,Sin notas
214,ORD-20241106-00214,90,2024-11-06,procesando,1908.12,2,340,400.71,2610.67,credit_card,express,Sin codigo,Sin notas
215,ORD-20231214-00215,50,2023-12-14,cancelado,1182.41,4,220,248.31,1603.42,paypal,same_day,5.0,Nota del cliente: Envolver para regalo
216,ORD-20230727-00216,154,2023-07-27,enviado,2644.16,1,500,555.27,3672.99,cash_on_delivery,standard,Sin codigo,Sin notas
217,ORD-20250907-00217,25,2025-09-07,cancelado,3801.76,12,160,798.37,4303.92,cash_on_delivery,express,Sin codigo,Sin notas
218,ORD-20240502-00218,135,2024-05-02,procesando,3508.08,17,460,736.7,4108.41,credit_card,express,Sin codigo,Sin notas
219,ORD-20250924-00219,43,2025-09-24,enviado,2341.38,18,470,491.69,2881.62,debit_card,express,7.0,Nota del cliente: Dejar en portería
220,ORD-20250403-00220,69,2025-04-03,pendiente,2815.84,18,480,591.33,3380.32,cash_on_delivery,standard,Sin codigo,Sin notas
221,ORD-20230503-00221,43,2023-05-03,enviado,4243.43,17,500,891.12,4913.17,credit_card,pickup,Sin codigo,Sin notas
222,ORD-20230324-00222,42,2023-03-24,cancelado,1350.31,8,30,283.57,1555.86,paypal,express,Sin codigo,Sin notas
223,ORD-20230409-00223,16,2023-04-09,procesando,2087.9,17,20,438.46,2191.42,cash_on_delivery,same_day,10.0,Sin notas
224,ORD-20230730-00224,50,2023-07-30,enviado,1004.7,19,300,210.99,1324.8,credit_card,standard,7.0,Sin notas
225,ORD-20240524-00225,44,2024-05-24,entregado,663.3,8,270,139.29,1019.53,paypal,pickup,Sin codigo,Sin notas
226,ORD-20240620-00226,24,2024-06-20,enviado,1872.94,13,110,393.32,2132.78,debit_card,same_day,Sin codigo,Sin notas
227,ORD-20230227-00227,15,2023-02-27,cancelado,602.82,13,460,126.59,1111.04,credit_card,same_day,Sin codigo,Nota del cliente: Envolver para regalo
228,ORD-20240725-00228,55,2024-07-25,enviado,1221.38,14,490,256.49,1796.88,debit_card,standard,Sin codigo,Sin notas
229,ORD-20231015-00229,136,2023-10-15,entregado,1860.36,3,360,390.68,2555.23,credit_card,standard,Sin codigo,Sin notas
230,ORD-20250818-00230,78,2025-08-18,pendiente,2890.2,7,120,606.94,3414.83,cash_on_delivery,pickup,Sin codigo,Sin notas
231,ORD-20240214-00231,49,2024-02-14,pendiente,1076.18,15,240,226.0,1380.75,paypal,standard,Sin codigo,Sin notas
232,ORD-20230709-00232,60,2023-07-09,procesando,3035.71,10,180,637.5,3549.64,paypal,standard,9.0,Sin notas
233,ORD-20250901-00233,95,2025-09-01,pendiente,2998.01,16,320,629.58,3467.91,credit_card,same_day,Sin codigo,Sin notas
234,ORD-20241112-00234,90,2024-11-12,cancelado,2850.4,6,140,598.58,3417.96,credit_card,standard,3.0,Sin notas
235,ORD-20241206-00235,60,2024-12-06,cancelado,2242.0,10,430,470.82,2918.62,bank_transfer,pickup,Sin codigo,Sin notas
236,ORD-20231119-00236,14,2023-11-19,cancelado,2028.11,5,370,425.9,2722.6,credit_card,express,Sin codigo,Sin notas
237,ORD-20230520-00237,64,2023-05-20,procesando,144.66,3,470,30.38,640.7,bank_transfer,express,9.0,Sin notas
238,ORD-20250606-00238,15,2025-06-06,entregado,2362.35,7,420,496.09,3113.08,bank_transfer,same_day,5.0,Sin notas
239,ORD-20240828-00239,140,2024-08-28,cancelado,1146.55,13,130,240.78,1368.28,paypal,same_day,Sin codigo,Sin notas
240,ORD-20250803-00240,113,2025-08-03,pendiente,2103.53,2,200,441.74,2703.2,cash_on_delivery,pickup,Sin codigo,Sin notas
241,ORD-20230423-00241,103,2023-04-23,entregado,2917.75,4,40,612.73,3453.77,debit_card,same_day,4.0,Sin notas
242,ORD-20250208-00242,69,2025-02-08,cancelado,4356.29,5,100,914.82,5153.3,paypal,same_day,Sin codigo,Sin notas
243,ORD-20240515-00243,41,2024-05-15,entregado,3644.42,15,20,765.33,3883.09,cash_on_delivery,pickup,Sin codigo,Sin notas
244,ORD-20240923-00244,64,2024-09-23,procesando,1248.16,6,20,262.11,1455.38,bank_transfer,pickup,10.0,Nota del cliente: Dejar en portería
245,ORD-20240319-00245,154,2024-03-19,pendiente,1716.52,19,400,360.47,2150.85,cash_on_delivery,standard,Sin codigo,Sin notas
246,ORD-20250516-00246,167,2025-05-16,entregado,4003.84,5,360,840.81,5004.46,credit_card,same_day,Sin codigo,Sin notas
247,ORD-20230601-00247,90,2023-06-01,procesando,576.85,12,390,121.14,1018.77,paypal,standard,Sin codigo,Nota del cliente: Dejar en portería
248,ORD-20240410-00248,135,2024-04-10,entregado,2573.44,4,310,540.42,3320.92,cash_on_delivery,same_day,Sin codigo,Sin notas
249,ORD-20250318-00249,163,2025-03-18,entregado,1123.78,4,330,235.99,1644.82,credit_card,same_day,Sin codigo,Sin notas
250,ORD-20240212-00250,72,2024-02-12,entregado,1265.25,19,90,265.7,1380.55,cash_on_delivery,standard,Sin codigo,Nota del cliente: Dejar en portería
251,ORD-20241019-00251,95,2024-10-19,enviado,1853.28,11,10,389.19,2048.61,bank_transfer,express,Sin codigo,Nota del cliente: Envolver para regalo
252,ORD-20230804-00252,32,2023-08-04,entregado,288.4,11,310,60.56,627.24,credit_card,express,Sin codigo,Nota del cliente: Dejar en portería
253,ORD-20230723-00253,21,2023-07-23,cancelado,1755.05,11,350,368.56,2280.55,debit_card,express,3.0,Sin notas
254,ORD-20230518-00254,25,2023-05-18,cancelado,839.93,13,230,176.39,1137.13,bank_transfer,standard,5.0,Sin notas
255,ORD-20241031-00255,37,2024-10-31,cancelado,2416.75,2,140,507.52,3015.94,debit_card,same_day,9.0,Sin notas
256,ORD-20231023-00256,6,2023-10-23,entregado,1475.94,13,420,309.95,2014.02,bank_transfer,standard,6.0,Nota del cliente: Dejar en portería
257,ORD-20250205-00257,36,2025-02-05,procesando,2953.26,12,240,620.18,3459.05,cash_on_delivery,pickup,8.0,Nota del cliente: Entregar por la tarde
258,ORD-20240503-00258,5,2024-05-03,cancelado,1427.74,15,220,299.83,1733.41,bank_transfer,standard,Sin codigo,Sin notas
259,ORD-20230418-00259,165,2023-04-18,pendiente,3770.31,3,140,791.77,4588.97,paypal,express,Sin codigo,Nota del cliente: Llamar antes
260,ORD-20240907-00260,90,2024-09-07,procesando,939.76,14,300,197.35,1305.54,bank_transfer,same_day,7.0,Sin notas
261,ORD-20230121-00261,140,2023-01-21,procesando,162.96,19,310,34.22,476.22,paypal,pickup,Sin codigo,Nota del cliente: Llamar antes
262,ORD-20240709-00262,51,2024-07-09,enviado,3706.29,10,80,778.32,4193.98,debit_card,pickup,Sin codigo,Sin notas
263,ORD-20240118-00263,65,2024-01-18,cancelado,974.95,2,160,204.74,1320.19,bank_transfer,express,Sin codigo,Sin notas
264,ORD-20250313-00264,87,2025-03-13,pendiente,5958.96,3,100,1251.38,7131.57,credit_card,same_day,Sin codigo,Nota del cliente: Envolver para regalo
265,ORD-20231122-00265,100,2023-11-22,enviado,4113.36,6,460,863.81,5190.37,paypal,standard,9.0,Sin notas
266,ORD-20240118-00266,58,2024-01-18,enviado,1240.11,4,300,260.42,1750.93,bank_transfer,same_day,Sin codigo,Sin notas
267,ORD-20251109-00267,36,2025-11-09,enviado,722.92,9,290,151.81,1099.67,paypal,express,1.0,Sin notas
268,ORD-20230928-00268,105,2023-09-28,procesando,3834.12,5,50,805.17,4497.58,cash_on_delivery,pickup,Sin codigo,Nota del cliente: Llamar antes
269,ORD-20241108-00269,113,2024-11-08,entregado,472.47,1,270,99.22,836.97,paypal,standard,Sin codigo,Nota del cliente: Dejar en portería
270,ORD-20250711-00270,145,2025-07-11,procesando,1670.52,14,130,350.81,1917.46,credit_card,express,Sin codigo,Sin notas
271,ORD-20251112-00271,24,2025-11-12,procesando,2668.15,13,80,560.31,2961.6,debit_card,standard,Sin codigo,Sin notas
272,ORD-20240627-00272,75,2024-06-27,pendiente,3851.2,10,230,808.75,4504.83,debit_card,express,Sin codigo,Sin notas
273,ORD-20250712-00273,71,2025-07-12,pendiente,2901.53,20,410,609.32,3340.54,credit_card,express,9.0,Sin notas
274,ORD-20250312-00274,45,2025-03-12,enviado,3638.76,0,280,764.14,4682.9,paypal,pickup,Sin codigo,Nota del cliente: Envolver para regalo
275,ORD-20230805-00275,78,2023-08-05,enviado,2513.89,8,190,527.92,3030.7,debit_card,standard,Sin codigo,Nota del cliente: Dejar en portería
276,ORD-20250722-00276,1,2025-07-22,entregado,185.37,15,110,38.93,306.49,credit_card,standard,Sin codigo,Sin notas
277,ORD-20230510-00277,143,2023-05-10,enviado,1958.28,1,20,411.24,2369.94,bank_transfer,express,Sin codigo,Sin notas
278,ORD-20240903-00278,101,2024-09-03,cancelado,5467.4,19,330,1148.15,5906.74,debit_card,pickup,Sin codigo,Nota del cliente: Llamar antes
279,ORD-20250201-00279,51,2025-02-01,cancelado,2612.74,11,460,548.68,3334.02,bank_transfer,same_day,Sin codigo,Sin notas
280,ORD-20240717-00280,72,2024-07-17,procesando,2426.39,19,240,509.54,2714.92,credit_card,same_day,Sin codigo,Sin notas
281,ORD-20230821-00281,142,2023-08-21,enviado,335.06,14,500,70.36,858.51,cash_on_delivery,standard,Sin codigo,Sin notas
282,ORD-20230217-00282,35,2023-02-17,enviado,2773.74,5,60,582.49,3277.54,debit_card,standard,10.0,Sin notas
283,ORD-20230514-00283,112,2023-05-14,entregado,4259.81,13,240,894.56,4840.59,bank_transfer,same_day,8.0,Sin notas
284,ORD-20241030-00284,43,2024-10-30,entregado,3013.91,10,350,632.92,3695.44,cash_on_delivery,express,Sin codigo,Sin notas
285,ORD-20240501-00285,103,2024-05-01,cancelado,1644.07,20,440,345.25,2100.51,bank_transfer,express,Sin codigo,Sin notas
286,ORD-20240129-00286,72,2024-01-29,entregado,2119.03,19,20,445.0,2181.41,bank_transfer,same_day,Sin codigo,Nota del cliente: Dejar en portería
287,ORD-20240729-00287,23,2024-07-29,pendiente,1691.46,16,290,355.21,2066.04,debit_card,same_day,Sin codigo,Sin notas
288,ORD-20230731-00288,76,2023-07-31,entregado,3275.3,8,260,687.81,3961.09,cash_on_delivery,standard,Sin codigo,Sin notas
289,ORD-20250727-00289,64,2025-07-27,entregado,6440.08,3,300,1352.42,7899.3,cash_on_delivery,pickup,Sin codigo,Sin notas
290,ORD-20230726-00290,105,2023-07-26,entregado,2012.42,7,10,422.61,2304.16,credit_card,pickup,8.0,Sin notas
291,ORD-20231204-00291,85,2023-12-04,cancelado,3005.14,15,10,631.08,3195.45,credit_card,pickup,Sin codigo,Sin notas
292,ORD-20250618-00292,68,2025-06-18,procesando,1038.38,15,230,218.06,1330.68,paypal,pickup,Sin codigo,Nota del cliente: Llamar antes
293,ORD-20240911-00293,93,2024-09-11,cancelado,3526.62,16,0,740.59,3702.95,bank_transfer,same_day,Sin codigo,Sin notas
294,ORD-20240623-00294,92,2024-06-23,pendiente,1877.05,18,170,394.18,2103.36,debit_card,pickup,Sin codigo,Sin notas
295,ORD-20250113-00295,114,2025-01-13,enviado,3455.84,19,30,725.73,3554.96,bank_transfer,same_day,Sin codigo,Sin notas
296,ORD-20230427-00296,29,2023-04-27,entregado,156.94,11,310,32.96,482.64,bank_transfer,express,Sin codigo,Sin notas
297,ORD-20240726-00297,103,2024-07-26,procesando,1625.49,0,440,341.35,2406.84,cash_on_delivery,express,8.0,Sin notas
298,ORD-20231102-00298,136,2023-11-02,cancelado,388.82,16,370,81.65,778.26,debit_card,pickup,Sin codigo,Sin notas
299,ORD-20250919-00299,84,2025-09-19,pendiente,1786.86,13,90,375.24,2019.81,cash_on_delivery,same_day,Sin codigo,Sin notas
300,ORD-20230201-00300,49,2023-02-01,pendiente,1687.63,8,220,354.4,2127.02,debit_card,standard,4.0,Sin notas
301,ORD-20250707-00301,84,2025-07-07,enviado,3138.56,0,270,659.1,4067.66,paypal,same_day,Sin codigo,Sin notas
302,ORD-20240101-00302,101,2024-01-01,pendiente,398.3,10,470,83.64,912.11,debit_card,express,Sin codigo,Sin notas
303,ORD-20241004-00303,94,2024-10-04,cancelado,2250.93,7,280,472.7,2846.06,bank_transfer,express,Sin codigo,Nota del cliente: Dejar en portería
304,ORD-20250704-00304,119,2025-07-04,procesando,1394.89,2,20,292.93,1679.92,bank_transfer,same_day,2.0,Nota del cliente: Entregar por la tarde
305,ORD-20231224-00305,77,2023-12-24,entregado,1854.92,1,350,389.53,2575.9,credit_card,standard,Sin codigo,Nota del cliente: Dejar en portería
306,ORD-20231114-00306,109,2023-11-14,procesando,3725.88,6,450,782.43,4734.76,cash_on_delivery,standard,Sin codigo,Nota del cliente: Envolver para regalo
307,ORD-20240929-00307,61,2024-09-29,pendiente,2667.56,3,130,560.19,3277.72,bank_transfer,same_day,Sin codigo,Sin notas
308,ORD-20240214-00308,117,2024-02-14,pendiente,3343.12,15,250,702.06,3793.71,debit_card,same_day,2.0,Sin notas
309,ORD-20250620-00309,112,2025-06-20,enviado,1182.26,18,90,248.27,1307.72,paypal,standard,5.0,Sin notas
310,ORD-20250404-00310,162,2025-04-04,entregado,1801.98,4,380,378.42,2488.32,bank_transfer,standard,Sin codigo,Sin notas
311,ORD-20241216-00311,147,2024-12-16,enviado,3370.77,20,50,707.86,3454.48,credit_card,standard,Sin codigo,Sin notas
312,ORD-20230222-00312,4,2023-02-22,procesando,99.16,19,310,20.82,411.14,credit_card,standard,Sin codigo,Sin notas
313,ORD-20250419-00313,27,2025-04-19,procesando,5163.51,3,290,1084.34,6382.94,debit_card,same_day,4.0,Sin notas
314,ORD-20250427-00314,107,2025-04-27,pendiente,3509.19,4,320,736.93,4425.75,bank_transfer,express,Sin codigo,Nota del cliente: Dejar en portería
315,ORD-20250128-00315,38,2025-01-28,cancelado,3227.29,0,210,677.73,4115.02,paypal,standard,Sin codigo,Sin notas
316,ORD-20230624-00316,127,2023-06-24,pendiente,952.0,5,300,199.92,1404.32,cash_on_delivery,same_day,Sin codigo,Nota del cliente: Envolver para regalo
317,ORD-20230606-00317,49,2023-06-06,cancelado,1633.61,20,480,343.06,2129.95,credit_card,standard,Sin codigo,Sin notas
318,ORD-20250625-00318,162,2025-06-25,enviado,1162.76,11,220,244.18,1499.04,credit_card,pickup,Sin codigo,Sin notas
319,ORD-20230507-00319,4,2023-05-07,pendiente,630.81,4,470,132.47,1208.05,credit_card,same_day,2.0,Sin notas
320,ORD-20250617-00320,34,2025-06-17,enviado,2628.22,18,440,551.93,3147.07,paypal,express,Sin codigo,Sin notas
321,ORD-20231207-00321,65,2023-12-07,procesando,556.26,14,170,116.81,765.19,cash_on_delivery,express,Sin codigo,Sin notas
322,ORD-20230808-00322,53,2023-08-08,cancelado,309.36,14,50,64.97,381.02,paypal,standard,Sin codigo,Nota del cliente: Dejar en portería
323,ORD-20251002-00323,131,2025-10-02,cancelado,3338.45,16,490,701.07,3995.37,paypal,express,Sin codigo,Sin notas
324,ORD-20230902-00324,167,2023-09-02,cancelado,806.12,0,280,169.29,1255.41,bank_transfer,pickup,Sin codigo,Sin notas
325,ORD-20250716-00325,138,2025-07-16,enviado,562.74,10,250,118.18,874.65,cash_on_delivery,same_day,Sin codigo,Sin notas
326,ORD-20230109-00326,142,2023-01-09,enviado,2766.68,3,200,581.0,3464.68,debit_card,pickup,Sin codigo,Nota del cliente: Dejar en portería
327,ORD-20240804-00327,78,2024-08-04,entregado,1040.37,10,180,218.48,1334.81,paypal,express,Sin codigo,Sin notas
328,ORD-20251003-00328,95,2025-10-03,cancelado,2479.2,19,480,520.63,3008.78,cash_on_delivery,same_day,Sin codigo,Sin notas
329,ORD-20230206-00329,66,2023-02-06,enviado,2132.3,19,360,447.78,2534.94,credit_card,pickup,Sin codigo,Sin notas
330,ORD-20250131-00330,154,2025-01-31,pendiente,4319.65,3,440,907.13,5537.19,debit_card,pickup,Sin codigo,Sin notas
331,ORD-20231016-00331,33,2023-10-16,procesando,4086.56,4,20,858.18,4801.28,debit_card,express,10.0,Sin notas
332,ORD-20231101-00332,88,2023-11-01,cancelado,2174.22,2,290,456.59,2877.33,debit_card,express,Sin codigo,Nota del cliente: Dejar en portería
333,ORD-20240415-00333,166,2024-04-15,pendiente,486.51,15,60,102.17,575.7,paypal,standard,Sin codigo,Nota del cliente: Dejar en portería
334,ORD-20230216-00334,54,2023-02-16,cancelado,1439.25,18,500,302.24,1982.43,debit_card,express,Sin codigo,Sin notas
335,ORD-20240314-00335,88,2024-03-14,enviado,1980.56,3,180,415.92,2517.06,cash_on_delivery,standard,Sin codigo,Sin notas
336,ORD-20241215-00336,138,2024-12-15,procesando,918.66,12,360,192.92,1361.34,credit_card,pickup,Sin codigo,Sin notas
337,ORD-20230707-00337,155,2023-07-07,cancelado,2484.59,9,30,521.76,2812.74,debit_card,express,Sin codigo,Sin notas
338,ORD-20241127-00338,123,2024-11-27,enviado,1168.44,13,320,245.37,1581.91,cash_on_delivery,express,Sin codigo,Sin notas
339,ORD-20230808-00339,17,2023-08-08,enviado,1163.77,7,400,244.39,1726.7,paypal,express,Sin codigo,Sin notas
340,ORD-20231118-00340,84,2023-11-18,cancelado,111.1,12,50,23.33,171.1,debit_card,pickup,Sin codigo,Sin notas
341,ORD-20230321-00341,49,2023-03-21,entregado,2557.86,15,130,537.15,2841.33,paypal,express,Sin codigo,Sin notas
342,ORD-20231007-00342,20,2023-10-07,entregado,54.32,13,340,11.41,398.67,credit_card,standard,Sin codigo,Sin notas
343,ORD-20230531-00343,48,2023-05-31,cancelado,3022.59,6,340,634.74,3815.97,debit_card,pickup,9.0,Sin notas
344,ORD-20240805-00344,132,2024-08-05,cancelado,3797.27,19,270,797.43,4143.22,cash_on_delivery,express,Sin codigo,Nota del cliente: Dejar en portería
345,ORD-20230729-00345,112,2023-07-29,pendiente,1684.41,1,350,353.73,2371.3,bank_transfer,standard,Sin codigo,Sin notas
346,ORD-20241217-00346,45,2024-12-17,pendiente,280.84,17,50,58.98,342.08,bank_transfer,pickup,1.0,Sin notas
347,ORD-20240612-00347,102,2024-06-12,entregado,4093.98,1,320,859.74,5232.78,bank_transfer,pickup,6.0,Nota del cliente: Dejar en portería
348,ORD-20230804-00348,47,2023-08-04,pendiente,459.15,5,310,96.42,842.61,paypal,same_day,Sin codigo,Sin notas
349,ORD-20250309-00349,93,2025-03-09,entregado,736.77,14,30,154.72,818.34,cash_on_delivery,standard,2.0,Sin notas
350,ORD-20231210-00350,156,2023-12-10,cancelado,1082.53,1,50,227.33,1349.03,cash_on_delivery,standard,6.0,Nota del cliente: Dejar en portería
351,ORD-20231104-00351,157,2023-11-04,cancelado,1722.73,15,90,361.77,1916.09,cash_on_delivery,standard,Sin codigo,Nota del cliente: Llamar antes
352,ORD-20231209-00352,166,2023-12-09,enviado,2626.42,5,50,551.55,3096.65,cash_on_delivery,standard,Sin codigo,Sin notas
353,ORD-20240723-00353,18,2024-07-23,entregado,71.48,20,310,15.01,382.19,credit_card,pickup,Sin codigo,Sin notas
354,ORD-20240901-00354,137,2024-09-01,entregado,3567.55,0,440,749.19,4756.74,credit_card,express,Sin codigo,Sin notas
355,ORD-20251105-00355,159,2025-11-05,cancelado,1699.16,8,400,356.82,2320.05,debit_card,express,Sin codigo,Sin notas
356,ORD-20250910-00356,146,2025-09-10,entregado,465.16,9,410,97.68,930.98,cash_on_delivery,same_day,Sin codigo,Sin notas
357,ORD-20240305-00357,150,2024-03-05,enviado,1758.1,13,70,369.2,1968.75,credit_card,same_day,Sin codigo,Sin notas
358,ORD-20250302-00358,22,2025-03-02,enviado,142.96,12,470,30.02,625.82,debit_card,pickup,Sin codigo,Sin notas
359,ORD-20230831-00359,3,2023-08-31,procesando,1202.94,19,50,252.62,1277.0,bank_transfer,express,Sin codigo,Sin notas
360,ORD-20230929-00360,119,2023-09-29,cancelado,965.61,18,90,202.78,1084.58,credit_card,express,3.0,Sin notas
361,ORD-20230107-00361,128,2023-01-07,enviado,1074.84,4,150,225.72,1407.57,debit_card,standard,Sin codigo,Sin notas
362,ORD-20240919-00362,64,2024-09-19,entregado,2470.7,7,210,518.85,3026.6,bank_transfer,express,Sin codigo,Sin notas
363,ORD-20241021-00363,34,2024-10-21,cancelado,2151.9,5,0,451.9,2496.21,paypal,pickup,Sin codigo,Sin notas
364,ORD-20250107-00364,167,2025-01-07,entregado,1352.45,13,420,284.01,1880.64,paypal,standard,Sin codigo,Sin notas
365,ORD-20240712-00365,143,2024-07-12,enviado,3730.68,1,410,783.44,4886.81,paypal,same_day,Sin codigo,Sin notas
366,ORD-20240426-00366,133,2024-04-26,entregado,3148.06,19,490,661.09,3701.02,credit_card,standard,7.0,Sin notas
367,ORD-20230921-00367,110,2023-09-21,procesando,5120.56,7,350,1075.32,6187.44,cash_on_delivery,standard,7.0,Sin notas
368,ORD-20240320-00368,13,2024-03-20,enviado,2814.21,16,340,590.98,3294.92,bank_transfer,express,Sin codigo,Sin notas
369,ORD-20231228-00369,55,2023-12-28,procesando,4118.45,3,310,864.87,5169.77,credit_card,express,8.0,Sin notas
370,ORD-20240607-00370,64,2024-06-07,procesando,1596.03,11,170,335.17,1925.64,cash_on_delivery,standard,Sin codigo,Sin notas
371,ORD-20240709-00371,157,2024-07-09,cancelado,2955.55,2,180,620.67,3697.11,paypal,same_day,Sin codigo,Sin notas
372,ORD-20240310-00372,25,2024-03-10,entregado,289.02,5,210,60.69,545.26,cash_on_delivery,express,Sin codigo,Nota del cliente: Dejar en portería
373,ORD-20240518-00373,52,2024-05-18,cancelado,1563.21,12,150,328.27,1853.89,paypal,pickup,Sin codigo,Sin notas
374,ORD-20230103-00374,36,2023-01-03,procesando,1799.4,7,180,377.87,2231.31,paypal,standard,Sin codigo,Sin notas
375,ORD-20240419-00375,114,2024-04-19,enviado,1091.05,0,380,229.12,1700.17,cash_on_delivery,same_day,Sin codigo,Sin notas
376,ORD-20240625-00376,77,2024-06-25,enviado,5376.74,2,400,1129.12,6798.33,debit_card,pickup,Sin codigo,Sin notas
377,ORD-20250323-00377,136,2025-03-23,entregado,2952.37,12,310,620.0,3528.09,bank_transfer,same_day,Sin codigo,Sin notas
378,ORD-20230528-00378,140,2023-05-28,cancelado,1891.4,1,220,397.19,2489.68,paypal,pickup,9.0,Sin notas
379,ORD-20241102-00379,74,2024-11-02,cancelado,936.74,0,420,196.72,1553.46,debit_card,standard,8.0,Sin notas
380,ORD-20250916-00380,104,2025-09-16,entregado,523.17,11,150,109.87,725.49,paypal,standard,Sin codigo,Sin notas
381,ORD-20230810-00381,88,2023-08-10,procesando,1012.49,3,80,212.62,1274.74,credit_card,pickup,Sin codigo,Sin notas
382,ORD-20230615-00382,60,2023-06-15,entregado,1158.84,4,390,243.36,1745.85,debit_card,same_day,6.0,Nota del cliente: Llamar antes
383,ORD-20230723-00383,75,2023-07-23,pendiente,2835.84,8,270,595.53,3474.5,debit_card,standard,6.0,Sin notas
384,ORD-20240708-00384,22,2024-07-08,enviado,2200.88,10,410,462.18,2852.97,cash_on_delivery,express,Sin codigo,Sin notas
385,ORD-20231108-00385,149,2023-11-08,pendiente,2685.29,18,350,563.91,3115.85,bank_transfer,same_day,Sin codigo,Nota del cliente: Llamar antes
386,ORD-20240401-00386,10,2024-04-01,entregado,549.79,15,390,115.46,972.78,cash_on_delivery,express,Sin codigo,Sin notas
387,ORD-20240922-00387,57,2024-09-22,pendiente,451.59,11,160,94.83,656.75,paypal,same_day,Sin codigo,Sin notas
388,ORD-20231223-00388,135,2023-12-23,pendiente,935.14,13,330,196.38,1339.95,paypal,pickup,Sin codigo,Sin notas
389,ORD-20241124-00389,15,2024-11-24,cancelado,4100.62,4,260,861.13,5057.73,debit_card,pickup,Sin codigo,Sin notas
390,ORD-20240131-00390,122,2024-01-31,pendiente,1417.78,15,10,297.73,1512.84,paypal,pickup,Sin codigo,Sin notas
391,ORD-20230420-00391,94,2023-04-20,entregado,2109.83,18,330,443.06,2503.12,cash_on_delivery,standard,2.0,Sin notas
392,ORD-20250216-00392,161,2025-02-16,entregado,3729.94,6,340,783.29,4629.43,cash_on_delivery,same_day,8.0,Sin notas
393,ORD-20250521-00393,88,2025-05-21,enviado,585.84,13,310,123.03,942.71,debit_card,pickup,Sin codigo,Sin notas
394,ORD-20250308-00394,150,2025-03-08,enviado,3995.55,7,360,839.07,4914.93,debit_card,pickup,Sin codigo,Sin notas
395,ORD-20240101-00395,67,2024-01-01,enviado,2207.43,1,480,463.56,3128.92,credit_card,express,Sin codigo,Sin notas
396,ORD-20250703-00396,130,2025-07-03,pendiente,2781.57,4,370,584.13,3624.44,cash_on_delivery,same_day,5.0,Nota del cliente: Entregar por la tarde
397,ORD-20250110-00397,3,2025-01-10,entregado,3092.45,13,170,649.41,3509.84,paypal,standard,Sin codigo,Sin notas
398,ORD-20230413-00398,56,2023-04-13,procesando,1459.93,14,470,306.59,2032.13,bank_transfer,express,Sin codigo,Nota del cliente: Dejar en portería
399,ORD-20240813-00399,33,2024-08-13,pendiente,2614.52,17,140,549.05,2859.1,debit_card,standard,10.0,Sin notas
400,ORD-20250614-00400,54,2025-06-14,enviado,1100.39,16,110,231.08,1265.41,debit_card,express,Sin codigo,Nota del cliente: Envolver para regalo
401,ORD-20241205-00401,86,2024-12-05,cancelado,3618.07,7,360,759.79,4484.6,bank_transfer,pickup,3.0,Sin notas
402,ORD-20241014-00402,52,2024-10-14,cancelado,3606.04,2,180,757.27,4471.19,debit_card,same_day,10.0,Sin notas
403,ORD-20230804-00403,21,2023-08-04,pendiente,4885.95,13,480,1026.05,5756.83,debit_card,express,Sin codigo,Sin notas
404,ORD-20241006-00404,54,2024-10-06,enviado,3425.79,3,270,719.42,4312.44,debit_card,express,Sin codigo,Sin notas
405,ORD-20250731-00405,135,2025-07-31,procesando,2855.91,17,440,599.74,3410.15,credit_card,same_day,2.0,Sin notas
406,ORD-20240914-00406,160,2024-09-14,enviado,870.42,14,250,182.79,1181.35,bank_transfer,same_day,6.0,Sin notas
407,ORD-20250406-00407,132,2025-04-06,cancelado,763.86,3,450,160.41,1351.35,bank_transfer,same_day,2.0,Sin notas
408,ORD-20240930-00408,161,2024-09-30,cancelado,289.02,15,160,60.69,466.36,debit_card,pickup,Sin codigo,Nota del cliente: Dejar en portería
409,ORD-20251013-00409,113,2025-10-13,cancelado,1074.12,0,450,225.57,1749.69,cash_on_delivery,same_day,2.0,Sin notas
410,ORD-20240117-00410,87,2024-01-17,entregado,1390.79,9,40,292.07,1597.69,cash_on_delivery,express,1.0,Sin notas
411,ORD-20231022-00411,160,2023-10-22,cancelado,3350.38,14,320,703.58,3904.91,debit_card,same_day,Sin codigo,Sin notas
412,ORD-20230820-00412,156,2023-08-20,pendiente,2567.04,9,340,539.08,3215.09,paypal,standard,Sin codigo,Sin notas
413,ORD-20231123-00413,89,2023-11-23,entregado,3713.76,5,150,779.89,4457.96,credit_card,express,3.0,Nota del cliente: Dejar en portería
414,ORD-20250828-00414,27,2025-08-28,pendiente,1168.47,0,200,245.38,1613.85,credit_card,pickup,Sin codigo,Sin notas
415,ORD-20250912-00415,118,2025-09-12,entregado,5866.28,8,150,1231.92,6778.9,cash_on_delivery,pickup,4.0,Nota del cliente: Dejar en portería
416,ORD-20240425-00416,99,2024-04-25,cancelado,3965.91,11,420,832.84,4782.5,credit_card,express,6.0,Sin notas
417,ORD-20250410-00417,7,2025-04-10,pendiente,3091.42,3,360,649.2,4007.88,debit_card,standard,Sin codigo,Nota del cliente: Llamar antes
418,ORD-20240528-00418,167,2024-05-28,cancelado,844.11,18,30,177.26,899.43,paypal,standard,Sin codigo,Sin notas
419,ORD-20240502-00419,31,2024-05-02,procesando,4222.88,0,310,886.8,5419.68,bank_transfer,same_day,4.0,Sin notas
420,ORD-20231218-00420,84,2023-12-18,cancelado,1806.48,10,100,379.36,2105.19,credit_card,standard,Sin codigo,Sin notas
421,ORD-20231201-00421,42,2023-12-01,pendiente,2661.55,14,280,558.93,3127.86,credit_card,pickup,Sin codigo,Sin notas
422,ORD-20250710-00422,109,2025-07-10,entregado,4827.57,13,420,1013.79,5633.78,credit_card,express,Sin codigo,Sin notas
423,ORD-20230131-00423,76,2023-01-31,procesando,2275.27,0,340,477.81,3093.08,credit_card,standard,2.0,Nota del cliente: Entregar por la tarde
424,ORD-20241004-00424,157,2024-10-04,entregado,4143.86,2,320,870.21,5251.19,debit_card,same_day,Sin codigo,Sin notas
425,ORD-20250511-00425,72,2025-05-11,cancelado,2625.51,13,120,551.36,2955.55,bank_transfer,express,Sin codigo,Sin notas
426,ORD-20230211-00426,24,2023-02-11,entregado,869.9,14,490,182.68,1420.79,paypal,pickup,Sin codigo,Sin notas
427,ORD-20230611-00427,55,2023-06-11,enviado,2481.03,0,20,521.02,3022.05,credit_card,pickup,Sin codigo,Sin notas
428,ORD-20240827-00428,12,2024-08-27,pendiente,1112.88,4,210,233.7,1512.06,cash_on_delivery,pickup,Sin codigo,Sin notas
429,ORD-20230202-00429,132,2023-02-02,pendiente,34.86,5,230,7.32,270.44,paypal,express,Sin codigo,Sin notas
430,ORD-20230324-00430,66,2023-03-24,enviado,3593.06,15,440,754.54,4248.64,bank_transfer,same_day,3.0,Nota del cliente: Llamar antes
431,ORD-20250305-00431,100,2025-03-05,enviado,5625.46,20,130,1181.35,5811.72,credit_card,pickup,Sin codigo,Sin notas
432,ORD-20231031-00432,76,2023-10-31,procesando,2615.47,16,270,549.25,3016.24,paypal,same_day,Sin codigo,Sin notas
433,ORD-20251125-00433,72,2025-11-25,enviado,1434.72,7,20,301.29,1655.58,bank_transfer,standard,Sin codigo,Sin notas
434,ORD-20241210-00434,143,2024-12-10,procesando,574.16,7,430,120.57,1084.54,debit_card,pickup,1.0,Sin notas
435,ORD-20240304-00435,124,2024-03-04,pendiente,2503.42,12,60,525.72,2788.73,cash_on_delivery,pickup,Sin codigo,Sin notas
436,ORD-20231203-00436,34,2023-12-03,entregado,392.35,15,110,82.39,525.89,cash_on_delivery,express,Sin codigo,Nota del cliente: Envolver para regalo
437,ORD-20230728-00437,136,2023-07-28,entregado,1254.99,18,220,263.55,1512.64,paypal,pickup,Sin codigo,Sin notas
438,ORD-20240717-00438,62,2024-07-17,pendiente,5317.29,6,310,1116.63,6424.88,bank_transfer,express,Sin codigo,Nota del cliente: Llamar antes
439,ORD-20250306-00439,62,2025-03-06,cancelado,2532.96,12,110,531.92,2870.92,credit_card,same_day,Sin codigo,Sin notas
440,ORD-20230423-00440,72,2023-04-23,procesando,3625.26,20,420,761.3,4081.51,paypal,pickup,Sin codigo,Sin notas
441,ORD-20250402-00441,77,2025-04-02,procesando,2381.01,2,460,500.01,3293.4,bank_transfer,pickup,Sin codigo,Sin notas
442,ORD-20240330-00442,38,2024-03-30,entregado,1673.34,14,380,351.4,2170.47,cash_on_delivery,same_day,Sin codigo,Sin notas
443,ORD-20230212-00443,137,2023-02-12,cancelado,1876.55,0,370,394.08,2640.63,credit_card,express,Sin codigo,Sin notas
444,ORD-20230309-00444,128,2023-03-09,entregado,1696.49,8,430,356.26,2347.03,debit_card,standard,Sin codigo,Nota del cliente: Envolver para regalo
445,ORD-20231208-00445,163,2023-12-08,pendiente,4527.77,12,310,950.83,5245.27,paypal,pickup,Sin codigo,Sin notas
446,ORD-20231217-00446,158,2023-12-17,enviado,348.1,2,80,73.1,494.24,cash_on_delivery,standard,Sin codigo,Nota del cliente: Envolver para regalo
447,ORD-20250210-00447,84,2025-02-10,procesando,1833.02,17,350,384.93,2256.34,credit_card,pickup,Sin codigo,Sin notas
448,ORD-20230411-00448,28,2023-04-11,pendiente,3000.77,7,330,630.16,3750.88,cash_on_delivery,standard,Sin codigo,Nota del cliente: Dejar en portería
449,ORD-20230205-00449,65,2023-02-05,enviado,1434.91,15,460,301.33,1981.0,credit_card,pickup,Sin codigo,Sin notas
450,ORD-20250921-00450,36,2025-09-21,cancelado,1843.71,7,450,387.18,2551.83,debit_card,same_day,Sin codigo,Sin notas
451,ORD-20250425-00451,154,2025-04-25,pendiente,445.96,0,90,93.65,629.61,bank_transfer,express,2.0,Sin notas
452,ORD-20241019-00452,71,2024-10-19,entregado,1806.66,13,140,379.4,2091.19,debit_card,standard,Sin codigo,Sin notas
453,ORD-20231027-00453,161,2023-10-27,procesando,363.68,9,290,76.37,697.32,credit_card,express,Sin codigo,Sin notas
454,ORD-20230220-00454,118,2023-02-20,procesando,1454.22,17,360,305.39,1872.39,paypal,same_day,Sin codigo,Sin notas
455,ORD-20241227-00455,125,2024-12-27,procesando,1098.45,13,150,230.67,1336.32,bank_transfer,pickup,Sin codigo,Sin notas
456,ORD-20230818-00456,103,2023-08-18,procesando,500.78,2,450,105.16,1045.92,cash_on_delivery,express,10.0,Sin notas
457,ORD-20250211-00457,2,2025-02-11,procesando,4374.58,5,400,918.66,5474.51,credit_card,standard,Sin codigo,Sin notas
458,ORD-20231226-00458,18,2023-12-26,pendiente,827.82,16,80,173.84,949.21,debit_card,express,Sin codigo,Sin notas
459,ORD-20240303-00459,67,2024-03-03,cancelado,1262.2,12,200,265.06,1575.8,credit_card,express,Sin codigo,Sin notas
460,ORD-20250217-00460,9,2025-02-17,cancelado,619.17,14,470,130.03,1132.52,cash_on_delivery,standard,Sin codigo,Sin notas
461,ORD-20241216-00461,136,2024-12-16,cancelado,2031.7,15,490,426.66,2643.61,paypal,standard,Sin codigo,Sin notas
462,ORD-20240801-00462,155,2024-08-01,cancelado,1739.8,0,500,365.36,2605.16,bank_transfer,standard,Sin codigo,Sin notas
463,ORD-20241104-00463,83,2024-11-04,entregado,1298.54,19,30,272.69,1354.51,bank_transfer,express,10.0,Sin notas
464,ORD-20240428-00464,18,2024-04-28,cancelado,3174.56,3,30,666.66,3775.98,cash_on_delivery,express,Sin codigo,Sin notas
465,ORD-20250206-00465,112,2025-02-06,procesando,1533.9,4,260,322.12,2054.66,debit_card,standard,Sin codigo,Nota del cliente: Dejar en portería
466,ORD-20251018-00466,59,2025-10-18,entregado,767.02,16,400,161.07,1205.37,debit_card,express,Sin codigo,Sin notas
467,ORD-20240204-00467,20,2024-02-04,enviado,3434.31,10,170,721.21,3982.09,credit_card,standard,Sin codigo,Sin notas
468,ORD-20230818-00468,1,2023-08-18,procesando,1400.76,15,490,294.16,1974.81,paypal,express,1.0,Sin notas
469,ORD-20250720-00469,70,2025-07-20,enviado,3714.1,7,180,779.96,4414.07,cash_on_delivery,standard,Sin codigo,Sin notas
470,ORD-20250705-00470,40,2025-07-05,cancelado,1616.44,5,170,339.45,2045.07,cash_on_delivery,same_day,7.0,Sin notas
471,ORD-20230522-00471,31,2023-05-22,pendiente,3075.88,1,400,645.93,4091.05,cash_on_delivery,pickup,Sin codigo,Nota del cliente: Envolver para regalo
472,ORD-20240806-00472,95,2024-08-06,procesando,2904.16,16,410,609.87,3459.36,bank_transfer,standard,Sin codigo,Sin notas
473,ORD-20240516-00473,116,2024-05-16,entregado,2178.26,2,460,457.43,3052.12,debit_card,express,8.0,Nota del cliente: Envolver para regalo
474,ORD-20240312-00474,43,2024-03-12,pendiente,2696.91,13,380,566.35,3292.66,credit_card,same_day,10.0,Sin notas
475,ORD-20240417-00475,88,2024-04-17,procesando,3938.73,12,0,827.13,4293.21,paypal,standard,Sin codigo,Nota del cliente: Dejar en portería
476,ORD-20240413-00476,21,2024-04-13,entregado,3581.8,15,170,752.18,3966.71,paypal,express,Sin codigo,Nota del cliente: Entregar por la tarde
477,ORD-20240804-00477,120,2024-08-04,enviado,3480.92,1,220,730.99,4397.1,credit_card,express,Sin codigo,Nota del cliente: Llamar antes
478,ORD-20250416-00478,35,2025-04-16,pendiente,1441.05,5,220,302.62,1891.62,credit_card,pickup,Sin codigo,Sin notas
479,ORD-20250122-00479,29,2025-01-22,entregado,2147.85,14,230,451.05,2528.2,cash_on_delivery,express,4.0,Sin notas
480,ORD-20240116-00480,45,2024-01-16,enviado,1615.25,18,60,339.2,1723.71,paypal,pickup,Sin codigo,Sin notas
481,ORD-20230410-00481,46,2023-04-10,pendiente,391.48,13,300,82.21,722.8,bank_transfer,same_day,Sin codigo,Nota del cliente: Entregar por la tarde
482,ORD-20250317-00482,64,2025-03-17,cancelado,6053.1,5,210,1271.15,7231.6,debit_card,standard,Sin codigo,Nota del cliente: Dejar en portería
483,ORD-20230328-00483,102,2023-03-28,procesando,2305.32,0,20,484.12,2809.44,debit_card,pickup,Sin codigo,Sin notas
484,ORD-20250716-00484,28,2025-07-16,procesando,1753.46,10,140,368.23,2086.34,cash_on_delivery,standard,9.0,Sin notas
485,ORD-20240820-00485,64,2024-08-20,procesando,4032.39,2,190,846.8,4988.54,paypal,express,4.0,Sin notas
486,ORD-20250120-00486,79,2025-01-20,pendiente,3864.87,16,100,811.62,4158.11,bank_transfer,express,8.0,Sin notas
487,ORD-20250401-00487,151,2025-04-01,cancelado,2753.0,4,230,578.13,3451.01,credit_card,pickup,Sin codigo,Sin notas
488,ORD-20230212-00488,61,2023-02-12,entregado,2137.42,10,0,448.86,2372.54,cash_on_delivery,same_day,Sin codigo,Sin notas
489,ORD-20241205-00489,13,2024-12-05,pendiente,156.94,11,110,32.96,282.64,paypal,standard,3.0,Nota del cliente: Envolver para regalo
490,ORD-20241229-00490,65,2024-12-29,entregado,1663.45,0,350,349.32,2362.77,bank_transfer,express,Sin codigo,Nota del cliente: Envolver para regalo
491,ORD-20230320-00491,28,2023-03-20,procesando,2758.72,2,170,579.33,3452.88,debit_card,pickup,Sin codigo,Sin notas
492,ORD-20250516-00492,3,2025-05-16,enviado,4176.52,18,0,877.07,4301.82,credit_card,express,Sin codigo,Nota del cliente: Envolver para regalo
493,ORD-20251003-00493,50,2025-10-03,enviado,401.88,14,50,84.39,480.01,credit_card,express,Sin codigo,Sin notas
494,ORD-20251030-00494,84,2025-10-30,entregado,3575.45,10,360,750.84,4328.75,debit_card,express,8.0,Nota del cliente: Llamar antes
495,ORD-20240212-00495,2,2024-02-12,cancelado,1474.13,14,10,309.57,1587.32,credit_card,pickup,Sin codigo,Sin notas
496,ORD-20240416-00496,23,2024-04-16,entregado,4375.31,12,500,918.82,5269.09,cash_on_delivery,express,Sin codigo,Sin notas
497,ORD-20251007-00497,122,2025-10-07,procesando,1459.2,15,70,306.43,1616.75,paypal,standard,5.0,Sin notas
498,ORD-20240804-00498,4,2024-08-04,cancelado,2812.73,12,10,590.67,3075.87,debit_card,express,7.0,Sin notas
499,ORD-20240829-00499,17,2024-08-29,entregado,4525.79,9,20,950.42,5088.89,debit_card,express,Sin codigo,Sin notas
500,ORD-20250402-00500,76,2025-04-02,entregado,3187.88,7,150,669.45,3784.18,bank_transfer,same_day,Sin codigo,Sin notas
